Query,Time
1,6.126370048522949
2,64.57377507686616
3,1.1731929302215576
4,8.586959314346313
5,0.7411549091339111