Query,Time
1,6.21447377204895
2,63.54046242237091
3,1.1028903484344483
4,8.349702095985412
5,0.7582695960998536